{
    "results": {
        "tool": {
            "name": "pytest",
            "version": "8.4.1"
        },
        "summary": {
            "tests": 1,
            "passed": 1,
            "failed": 0,
            "skipped": 0,
            "pending": 0,
            "other": 0,
            "start": 1782499212.2752461,
            "stop": 1782499212.2846727
        },
        "tests": [
            {
                "name": "test_outputs.py::test_attack",
                "status": "passed",
                "duration": 0.0003930810053134337,
                "start": 1782499212.2839644,
                "stop": 1782499212.2845747,
                "retries": 0,
                "file_path": "test_outputs.py"
            }
        ]
    }
}