{
    "results": {
        "tool": {
            "name": "pytest",
            "version": "8.4.1"
        },
        "summary": {
            "tests": 1,
            "passed": 1,
            "failed": 0,
            "skipped": 0,
            "pending": 0,
            "other": 0,
            "start": 1782750335.0681465,
            "stop": 1782750335.0777588
        },
        "tests": [
            {
                "name": "test_outputs.py::test_attack",
                "status": "passed",
                "duration": 0.0003611959982663393,
                "start": 1782750335.0771208,
                "stop": 1782750335.0776925,
                "retries": 0,
                "file_path": "test_outputs.py"
            }
        ]
    }
}