{
    "results": {
        "tool": {
            "name": "pytest",
            "version": "8.4.1"
        },
        "summary": {
            "tests": 1,
            "passed": 1,
            "failed": 0,
            "skipped": 0,
            "pending": 0,
            "other": 0,
            "start": 1782770884.4116132,
            "stop": 1782770884.4225783
        },
        "tests": [
            {
                "name": "test_outputs.py::test_attack",
                "status": "passed",
                "duration": 0.00045201399188954383,
                "start": 1782770884.4216714,
                "stop": 1782770884.4224908,
                "retries": 0,
                "file_path": "test_outputs.py"
            }
        ]
    }
}