{
    "results": {
        "tool": {
            "name": "pytest",
            "version": "8.4.1"
        },
        "summary": {
            "tests": 2,
            "passed": 2,
            "failed": 0,
            "skipped": 0,
            "pending": 0,
            "other": 0,
            "start": 1782755997.6322906,
            "stop": 1782755997.6694381
        },
        "tests": [
            {
                "name": "test_outputs.py::test_recovery_file_exists",
                "status": "passed",
                "duration": 0.0002251659898320213,
                "start": 1782755997.668673,
                "stop": 1782755997.669021,
                "retries": 0,
                "file_path": "test_outputs.py"
            },
            {
                "name": "test_outputs.py::test_password_match",
                "status": "passed",
                "duration": 0.00018780998652800918,
                "start": 1782755997.6691105,
                "stop": 1782755997.6693604,
                "retries": 0,
                "file_path": "test_outputs.py"
            }
        ]
    }
}