{
    "results": {
        "tool": {
            "name": "pytest",
            "version": "8.4.1"
        },
        "summary": {
            "tests": 2,
            "passed": 2,
            "failed": 0,
            "skipped": 0,
            "pending": 0,
            "other": 0,
            "start": 1782496731.0507317,
            "stop": 1782496731.1047153
        },
        "tests": [
            {
                "name": "test_outputs.py::test_summary_file_exists",
                "status": "passed",
                "duration": 0.00030426699959207326,
                "start": 1782496731.103674,
                "stop": 1782496731.1041563,
                "retries": 0,
                "file_path": "test_outputs.py"
            },
            {
                "name": "test_outputs.py::test_summary_structure_and_counts",
                "status": "passed",
                "duration": 0.00023610000062035397,
                "start": 1782496731.104287,
                "stop": 1782496731.1046116,
                "retries": 0,
                "file_path": "test_outputs.py"
            }
        ]
    }
}