{
    "results": {
        "tool": {
            "name": "pytest",
            "version": "8.4.1"
        },
        "summary": {
            "tests": 1,
            "passed": 1,
            "failed": 0,
            "skipped": 0,
            "pending": 0,
            "other": 0,
            "start": 1782758021.1593378,
            "stop": 1782758021.1700692
        },
        "tests": [
            {
                "name": "test_outputs.py::test_attack",
                "status": "passed",
                "duration": 0.0003692879981826991,
                "start": 1782758021.169417,
                "stop": 1782758021.1700003,
                "retries": 0,
                "file_path": "test_outputs.py"
            }
        ]
    }
}