{
    "results": {
        "tool": {
            "name": "pytest",
            "version": "8.4.1"
        },
        "summary": {
            "tests": 2,
            "passed": 2,
            "failed": 0,
            "skipped": 0,
            "pending": 0,
            "other": 0,
            "start": 1782497314.6122706,
            "stop": 1782497314.6508398
        },
        "tests": [
            {
                "name": "test_outputs.py::test_recovery_file_exists",
                "status": "passed",
                "duration": 0.0002662530023371801,
                "start": 1782497314.649767,
                "stop": 1782497314.6501994,
                "retries": 0,
                "file_path": "test_outputs.py"
            },
            {
                "name": "test_outputs.py::test_password_match",
                "status": "passed",
                "duration": 0.0001964210023288615,
                "start": 1782497314.650321,
                "stop": 1782497314.650594,
                "retries": 0,
                "file_path": "test_outputs.py"
            }
        ]
    }
}