{
    "results": {
        "tool": {
            "name": "pytest",
            "version": "8.4.1"
        },
        "summary": {
            "tests": 2,
            "passed": 2,
            "failed": 0,
            "skipped": 0,
            "pending": 0,
            "other": 0,
            "start": 1782746667.7105136,
            "stop": 1782746667.7239678
        },
        "tests": [
            {
                "name": "test_outputs.py::test_summary_file_exists",
                "status": "passed",
                "duration": 0.0003971679980168119,
                "start": 1782746667.7222836,
                "stop": 1782746667.723301,
                "retries": 0,
                "file_path": "test_outputs.py"
            },
            {
                "name": "test_outputs.py::test_summary_structure_and_counts",
                "status": "passed",
                "duration": 0.00031553801090922207,
                "start": 1782746667.7234511,
                "stop": 1782746667.7238598,
                "retries": 0,
                "file_path": "test_outputs.py"
            }
        ]
    }
}