{
    "results": {
        "tool": {
            "name": "pytest",
            "version": "8.4.1"
        },
        "summary": {
            "tests": 2,
            "passed": 2,
            "failed": 0,
            "skipped": 0,
            "pending": 0,
            "other": 0,
            "start": 1782769806.1960454,
            "stop": 1782769806.2360802
        },
        "tests": [
            {
                "name": "test_outputs.py::test_recovery_file_exists",
                "status": "passed",
                "duration": 0.00027646898524835706,
                "start": 1782769806.2351186,
                "stop": 1782769806.235546,
                "retries": 0,
                "file_path": "test_outputs.py"
            },
            {
                "name": "test_outputs.py::test_password_match",
                "status": "passed",
                "duration": 0.00022140699729789048,
                "start": 1782769806.2356544,
                "stop": 1782769806.2359502,
                "retries": 0,
                "file_path": "test_outputs.py"
            }
        ]
    }
}