{
    "results": {
        "tool": {
            "name": "pytest",
            "version": "8.4.1"
        },
        "summary": {
            "tests": 2,
            "passed": 2,
            "failed": 0,
            "skipped": 0,
            "pending": 0,
            "other": 0,
            "start": 1782769425.5116584,
            "stop": 1782769425.5670455
        },
        "tests": [
            {
                "name": "test_outputs.py::test_summary_file_exists",
                "status": "passed",
                "duration": 0.00029265299963299185,
                "start": 1782769425.566084,
                "stop": 1782769425.5665286,
                "retries": 0,
                "file_path": "test_outputs.py"
            },
            {
                "name": "test_outputs.py::test_summary_structure_and_counts",
                "status": "passed",
                "duration": 0.00021861701679881662,
                "start": 1782769425.566641,
                "stop": 1782769425.5669456,
                "retries": 0,
                "file_path": "test_outputs.py"
            }
        ]
    }
}